tracker,conf,iou,rows,ids,boxes_per_frame,mean_track_len,gaps,proxy
botsort,0.1,0.7,1075,28,7.166666666666667,38.392857142857146,3,33.58355517363992
botsort,0.1,0.4,1058,26,7.053333333333334,40.69230769230769,5,33.23434988740074
botsort,0.1,0.5,1044,27,6.96,38.666666666666664,4,33.21314092686974
botsort,0.15,0.5,994,27,6.626666666666667,36.81481481481482,10,32.17422780609222
botsort,0.2,0.5,974,27,6.493333333333333,36.074074074074076,13,31.69828493540358
bytetrack,0.15,0.5,693,20,4.62,34.65,1,30.4603680218087
bytetrack,0.3,0.5,673,20,4.486666666666666,33.65,3,30.085054521749438
botsort,0.3,0.5,907,27,6.046666666666667,33.592592592592595,36,28.80072596894631
strongsort,0.3,0.5,950,30,6.333333333333333,31.666666666666668,55,27.262985658409384
strongsort,0.15,0.5,1496,60,9.973333333333333,24.933333333333334,105,26.983212042195092
deepocsort,0.3,0.5,984,30,6.56,32.8,67,26.35132630081783
ocsort,0.3,0.5,986,27,6.573333333333333,36.51851851851852,70,26.066843664809763
ocsort,0.15,0.5,1502,57,10.013333333333334,26.350877192982455,123,25.22409979850658
deepocsort,0.15,0.5,1534,51,10.226666666666667,30.07843137254902,143,23.489999999999995
botsort,0.5,0.5,527,17,3.513333333333333,31.0,62,22.87732191537276
